1 , 3462
101 , 133684
201 , 290313
301 , 385000
401 , 316383
501 , 73346
601 , 106082
701 , 105018
801 , 72945
901 , 85198
1001 , 100015
1101 , 101845
1201 , 116679
1301 , 126128
1401 , 130909
1501 , 146541
1601 , 163394
1701 , 166444
1801 , 183266
1901 , 114817
2001 , 103327
2101 , 111581
2201 , 116541
2301 , 118898
2401 , 127100
2501 , 131275
2601 , 136168
2701 , 139584
2801 , 144279
2901 , 168694
3001 , 164128
3101 , 164038
3201 , 174665
3301 , 195801
3401 , 186830
3501 , 248589
3601 , 256346
3701 , 204608
3801 , 206580
3901 , 213961
4001 , 219758
4101 , 230032
4201 , 234048
4301 , 237663
4401 , 254133
4501 , 255250
4601 , 261456
4701 , 260013
4801 , 272431
4901 , 280141
5001 , 282355
5101 , 287864
5201 , 316529
5301 , 306091
5401 , 310051
5501 , 312202
5601 , 323751
5701 , 325164
5801 , 332007
5901 , 336553
6001 , 342563
6101 , 452968
6201 , 372415
6301 , 356301
6401 , 462213
6501 , 383321
6601 , 386756
6701 , 392138
6801 , 399238
6901 , 412116
7001 , 413548
7101 , 416423
7201 , 426478
7301 , 434729
7401 , 433039
7501 , 582459
7601 , 577451
7701 , 458740
7801 , 460444
7901 , 476933
8001 , 486445
8101 , 485868
8201 , 487397
8301 , 489645
8401 , 507705
8501 , 511797
8601 , 593996
8701 , 524122
8801 , 514104
8901 , 534974
9001 , 549260
9101 , 560206
9201 , 550666
9301 , 569780
9401 , 563709
9501 , 585927
9601 , 752663
9701 , 630219
9801 , 590186
9901 , 600887
10001 , 605893
10101 , 613547
10201 , 618075
10301 , 625375
10401 , 638416
10501 , 651498
10601 , 649181
10701 , 652137
10801 , 662325
10901 , 664745
11001 , 671478
11101 , 688361
11201 , 696632
11301 , 698895
11401 , 699250
11501 , 715368
11601 , 714926
11701 , 745693
11801 , 720828
11901 , 740591
12001 , 768128
12101 , 737340
12201 , 758853
12301 , 760230
12401 , 761272
12501 , 791610
12601 , 781555
12701 , 790355
12801 , 1016861
12901 , 1017701
13001 , 804507
13101 , 832086
13201 , 843601
13301 , 833994
13401 , 840053
13501 , 844092
13601 , 863321
13701 , 866314
13801 , 880194
13901 , 882452
14001 , 891431
14101 , 885150
14201 , 882168
14301 , 896322
14401 , 915997
14501 , 920213
14601 , 931479
14701 , 934393
14801 , 934703
14901 , 926884
15001 , 960960
15101 , 943691
15201 , 964753
15301 , 963552
15401 , 954217
15501 , 986622
15601 , 991806
15701 , 998464
15801 , 999727
15901 , 1005087
16001 , 1020784
16101 , 1026661
16201 , 1049120
16301 , 1051813
16401 , 1048413
16501 , 1051540
16601 , 1071643
16701 , 1066685
16801 , 1070411
16901 , 1094095
17001 , 1090834
17101 , 1087386
17201 , 1105100
17301 , 1120578
17401 , 1122173
17501 , 1119833
17601 , 1147822
17701 , 1128183
17801 , 1157702
17901 , 1128019
18001 , 1158012
18101 , 1170134
18201 , 1164212
18301 , 1183805
18401 , 1190615
18501 , 1181887
18601 , 1202447
18701 , 1216186
18801 , 1235446
18901 , 1204652
19001 , 1220625
19101 , 1237971
19201 , 1255725
19301 , 1243792
19401 , 1252611
19501 , 1257473
19601 , 1248229
19701 , 1275880
19801 , 1280376
19901 , 1302473
20001 , 1333973
20101 , 1311102
20201 , 1318684
20301 , 1311315
20401 , 1302315
20501 , 1343723
20601 , 1337391
20701 , 1353993
20801 , 1355458
20901 , 1352769
21001 , 1392574
21101 , 1381422
21201 , 1377761
21301 , 1385539
21401 , 1427209
21501 , 1384382
21601 , 1432146
21701 , 1398783
21801 , 1455393
21901 , 1422752
22001 , 1419620
22101 , 1434477
22201 , 1428510
22301 , 1448994
22401 , 1480493
22501 , 1473103
22601 , 1458267
22701 , 1489948
22801 , 1495686
22901 , 1466637
23001 , 1465934
23101 , 1514595
23201 , 1494284
23301 , 1546285
23401 , 1537358
23501 , 1556320
23601 , 1537011
23701 , 1570532
23801 , 1555099
23901 , 1576987
24001 , 1572018
24101 , 1610940
24201 , 1600283
24301 , 1624780
24401 , 1616653
24501 , 1622139
24601 , 1631758
24701 , 1634164
24801 , 1644570
24901 , 1658447
25001 , 1649608
25101 , 1674302
25201 , 1646193
25301 , 1676889
25401 , 1680011
25501 , 1736622
25601 , 1688597
25701 , 1676103
25801 , 1690765
25901 , 1697234
26001 , 1701370
26101 , 1717677
26201 , 1729053
26301 , 1730763
26401 , 1744283
26501 , 1758612
26601 , 1756453
26701 , 1758888
26801 , 1767453
26901 , 1756295
27001 , 1799377
27101 , 1811530
27201 , 1751842
27301 , 1799945
27401 , 1818193
27501 , 1805977
27601 , 1840725
27701 , 1846117
27801 , 1829646
27901 , 1870768
28001 , 1863475
28101 , 1873757
28201 , 1877952
28301 , 1856109
28401 , 1873644
28501 , 1901264
28601 , 1930360
28701 , 1891126
28801 , 1921823
28901 , 1920245
29001 , 1911527
29101 , 1952489
29201 , 1950750
29301 , 1950721
29401 , 1957474
29501 , 1968397
29601 , 1967439
29701 , 2011009
29801 , 2010972
29901 , 1988766
30001 , 2018452
30101 , 2003302
30201 , 2006785
30301 , 2071110
30401 , 2022501
30501 , 2005969
30601 , 2065801
30701 , 2028864
30801 , 2109521
30901 , 2091499
31001 , 2079675
31101 , 2083658
31201 , 2076799
31301 , 2088065
31401 , 2084908
31501 , 2108077
31601 , 2118904
31701 , 2115283
31801 , 2165782
31901 , 2140541
32001 , 2198661
32101 , 2152152
32201 , 2163784
32301 , 2197392
32401 , 2193195
32501 , 2194875
32601 , 2185446
32701 , 2199212
32801 , 2276084
32901 , 2204911
33001 , 2209808
33101 , 2229042
33201 , 2252063
33301 , 2231339
33401 , 2235140
33501 , 2290881
33601 , 2259674
33701 , 2279053
33801 , 2294844
33901 , 2261295
34001 , 2300759
34101 , 2304608
34201 , 2315443
34301 , 2304708
34401 , 2320126
34501 , 2375626
34601 , 2312277
34701 , 2348661
34801 , 2359885
34901 , 2381007
35001 , 2376716
35101 , 2386820
35201 , 2415677
35301 , 2354277
35401 , 2361765
35501 , 2405075
35601 , 2411135
35701 , 2446128
35801 , 2436479
35901 , 2448048
36001 , 2440372
36101 , 2486346
36201 , 2467891
36301 , 2451552
36401 , 2467995
36501 , 2474155
36601 , 2470106
36701 , 2482999
36801 , 2518027
36901 , 2477259
37001 , 2515882
37101 , 2495634
37201 , 2503429
37301 , 2543641
37401 , 2552268
37501 , 2540151
37601 , 2585379
37701 , 2542272
37801 , 2570798
37901 , 2605412
38001 , 2546706
38101 , 2603029
38201 , 2616784
38301 , 2647717
38401 , 2636416
38501 , 2637078
38601 , 2642477
38701 , 2657604
38801 , 2645388
38901 , 2634346
39001 , 2684496
39101 , 2635452
39201 , 2697540
39301 , 2729812
39401 , 2692198
39501 , 2676272
39601 , 2721210
39701 , 2745938
39801 , 2773130
39901 , 2731490
40001 , 2732746
40101 , 2756416
40201 , 2740915
40301 , 2748132
40401 , 2799630
40501 , 2782925
40601 , 2818717
40701 , 2783819
40801 , 2824591
40901 , 2788643
41001 , 2805490
41101 , 2805000
41201 , 2859084
41301 , 2824912
41401 , 2775560
41501 , 2847802
41601 , 2833916
41701 , 2840529
41801 , 2865320
41901 , 2873471
42001 , 2876569
42101 , 2897434
42201 , 2901984
42301 , 2899516
42401 , 2895277
42501 , 2919427
42601 , 2847944
42701 , 2959289
42801 , 2960474
42901 , 2951053
43001 , 2983172
43101 , 2978204
43201 , 2979576
43301 , 2972389
43401 , 3057505
43501 , 2995552
43601 , 3032372
43701 , 2993766
43801 , 3057057
43901 , 3014266
44001 , 3011646
44101 , 3044726
44201 , 3074338
44301 , 3037583
44401 , 3074743
44501 , 3091508
44601 , 3069602
44701 , 3057381
44801 , 3071850
44901 , 3066561
45001 , 3104792
45101 , 3101001
45201 , 3166496
45301 , 3113213
45401 , 3153398
45501 , 3179603
45601 , 3106872
45701 , 3175755
45801 , 3176958
45901 , 3166702
46001 , 3177563
46101 , 3213876
46201 , 3169012
46301 , 3291141
46401 , 3228230
46501 , 3207465
46601 , 3252475
46701 , 3301711
46801 , 3257872
46901 , 3217422
47001 , 3272302
47101 , 3284107
47201 , 3216833
47301 , 3348037
47401 , 3372135
47501 , 3291521
47601 , 3321161
47701 , 3343560
47801 , 3351882
47901 , 3311937
48001 , 3301408
48101 , 3310012
48201 , 3374819
48301 , 3360981
48401 , 3326883
48501 , 3370660
48601 , 3424071
48701 , 3398134
48801 , 3402216
48901 , 3361769
49001 , 3427042
49101 , 3468349
49201 , 3394746
49301 , 3434763
49401 , 3402596
49501 , 3459798
49601 , 3435419
49701 , 3477524
49801 , 3463528
49901 , 3476950
50001 , 3542073
50101 , 3473174
50201 , 3477656
50301 , 3507245
50401 , 3488190
50501 , 3537777
50601 , 3548192
50701 , 3536150
50801 , 3524511
50901 , 3530783
51001 , 3572708
51101 , 3596083
51201 , 3582390
51301 , 3586719
51401 , 3624483
51501 , 3584479
51601 , 3594671
51701 , 3613372
51801 , 3591285
51901 , 3626821
52001 , 3653113
52101 , 3669645
52201 , 3660374
52301 , 3660025
52401 , 3679781
52501 , 3724188
52601 , 3674058
52701 , 3684105
52801 , 3652735
52901 , 3639759
53001 , 3729212
53101 , 3702595
53201 , 3709571
53301 , 3744583
53401 , 3711564
53501 , 3703947
53601 , 3714781
53701 , 3778835
53801 , 3779117
53901 , 3725799
54001 , 3770638
54101 , 3823247
54201 , 3788523
54301 , 3815033
54401 , 3830909
54501 , 3830638
54601 , 3900198
54701 , 3873101
54801 , 3911955
54901 , 3858700
55001 , 3852749
55101 , 3898904
55201 , 3795549
55301 , 3850699
55401 , 3885296
55501 , 3952593
55601 , 3891667
55701 , 3924788
55801 , 3936342
55901 , 3923809
56001 , 3877586
56101 , 3918123
56201 , 3965061
56301 , 3944833
56401 , 4002667
56501 , 3997199
56601 , 3941086
56701 , 3990252
56801 , 4057815
56901 , 4021120
57001 , 4005248
57101 , 4038921
57201 , 4044129
57301 , 4035625
57401 , 3998455
57501 , 4059168
57601 , 4054548
57701 , 4066790
57801 , 4110258
57901 , 4110266
58001 , 4057437
58101 , 4132915
58201 , 4058478
58301 , 4177002
58401 , 4072487
58501 , 4111994
58601 , 4157518
58701 , 4166583
58801 , 4148074
58901 , 4179093
59001 , 4124419
59101 , 4166912
59201 , 4187979
59301 , 4154095
59401 , 4289380
59501 , 4261572
59601 , 4230007
59701 , 4256414
59801 , 4227933
59901 , 4191999
60001 , 4233229
60101 , 4216578
60201 , 4247904
60301 , 4284478
60401 , 4297963
60501 , 4282541
60601 , 4345315
60701 , 4301327
60801 , 4292028
60901 , 4301164
61001 , 4333526
61101 , 4322490
61201 , 4280899
61301 , 4362287
61401 , 4360498
61501 , 4369551
61601 , 4294185
61701 , 4350842
61801 , 4369828
61901 , 4400012
62001 , 4411872
62101 , 4383127
62201 , 4436395
62301 , 4524355
62401 , 4448178
62501 , 4447868
62601 , 4370935
62701 , 4456123
62801 , 4519194
62901 , 4435342
63001 , 4468045
63101 , 4494649
63201 , 4514687
63301 , 4501635
63401 , 4504458
63501 , 4548000
63601 , 4532688
63701 , 4541660
63801 , 4538346
63901 , 4526734
64001 , 4550902
64101 , 4550965
64201 , 4579419
64301 , 4696660
64401 , 4598990
64501 , 4563380
64601 , 4613621
64701 , 4564505
64801 , 4568378
64901 , 4688212
65001 , 4640204
65101 , 4639690
65201 , 4655505
65301 , 4683167
65401 , 4675800
65501 , 4707603
65601 , 4632980
65701 , 4624240
65801 , 4658449
65901 , 4664389
66001 , 4702490
66101 , 4692012
66201 , 4794040
66301 , 4728328
66401 , 4720891
66501 , 4731448
66601 , 4735825
66701 , 4826739
66801 , 4757576
66901 , 4754875
67001 , 4784915
67101 , 4813441
67201 , 4737008
67301 , 4823344
67401 , 4806944
67501 , 4833261
67601 , 4870450
67701 , 4788492
67801 , 4854578
67901 , 4829675
68001 , 4837090
68101 , 4824477
68201 , 4998388
68301 , 4966498
68401 , 4962194
68501 , 4849888
68601 , 4896909
68701 , 4923770
68801 , 4957526
68901 , 5002709
69001 , 4998057
69101 , 4988914
69201 , 4958639
69301 , 4939754
69401 , 4932601
69501 , 4987677
69601 , 4971614
69701 , 5050109
69801 , 4973313
69901 , 5019384
70001 , 5029567
70101 , 5081807
70201 , 5035711
70301 , 4990602
70401 , 5082505
70501 , 5090082
70601 , 5078980
70701 , 5042103
70801 , 5101873
70901 , 5082710
71001 , 5104851
71101 , 5078749
71201 , 5108465
71301 , 5133178
71401 , 5080405
71501 , 5051631
71601 , 5119233
71701 , 5200749
71801 , 5116530
71901 , 5197073
72001 , 5257622
72101 , 5109929
72201 , 5191661
72301 , 5220118
72401 , 5178679
72501 , 5210297
72601 , 5235671
72701 , 5200763
72801 , 5223010
72901 , 5221230
73001 , 5305088
73101 , 5227800
73201 , 5359516
73301 , 5234142
73401 , 5384864
73501 , 5277552
73601 , 5358826
73701 , 5289463
73801 , 5317527
73901 , 5303889
74001 , 5336204
74101 , 5326316
74201 , 5309397
74301 , 5336318
74401 , 5329436
74501 , 5356187
74601 , 5395069
74701 , 5322584
74801 , 5402208
74901 , 5359077
75001 , 5461418
75101 , 5388756
75201 , 5356629
75301 , 5431032
75401 , 5439609
75501 , 5458654
75601 , 5403824
75701 , 5428471
75801 , 5518945
75901 , 5524392
76001 , 5621078
76101 , 5461380
76201 , 5488533
76301 , 5443008
76401 , 5486370
76501 , 5431040
76601 , 5528006
76701 , 5557358
76801 , 5481391
76901 , 5688377
77001 , 5637507
77101 , 5572078
77201 , 5596261
77301 , 5509958
77401 , 5565647
77501 , 5632176
77601 , 5603611
77701 , 5577422
77801 , 5586313
77901 , 5648473
78001 , 5652028
78101 , 5548795
78201 , 5583522
78301 , 5718297
78401 , 5681575
78501 , 5581164
78601 , 5650761
78701 , 5663953
78801 , 5700335
78901 , 5686408
79001 , 5636938
79101 , 5737044
79201 , 5767010
79301 , 5776405
79401 , 5764577
79501 , 5715380
79601 , 5833732
79701 , 5765908
79801 , 5798303
79901 , 5731794
80001 , 5787214
80101 , 5776383
80201 , 5672497
80301 , 5815179
80401 , 5836468
80501 , 5893046
80601 , 5822390
80701 , 5855230
80801 , 5912125
80901 , 5934375
81001 , 5885358
81101 , 5833534
81201 , 5917443
81301 , 5888238
81401 , 5908880
81501 , 5890254
81601 , 5949269
81701 , 6029611
81801 , 6022729
81901 , 6003874
82001 , 5954075
82101 , 5946659
82201 , 5942697
82301 , 6027662
82401 , 6010537
82501 , 5980932
82601 , 6037531
82701 , 5970326
82801 , 6027433
82901 , 6012413
83001 , 5978246
83101 , 6115097
83201 , 6011506
83301 , 6085635
83401 , 6140330
83501 , 6076824
83601 , 6084090
83701 , 6104861
83801 , 6017412
83901 , 6038321
84001 , 6032373
84101 , 6051271
84201 , 6205059
84301 , 6110189
84401 , 6152414
84501 , 6109663
84601 , 6096408
84701 , 6174580
84801 , 6169388
84901 , 6105271
85001 , 6139605
85101 , 6201066
85201 , 6201656
85301 , 6199704
85401 , 6218158
85501 , 6193804
85601 , 6322463
85701 , 6279150
85801 , 6342721
85901 , 6333499
86001 , 6262701
86101 , 6240934
86201 , 6302693
86301 , 6286784
86401 , 6241285
86501 , 6435769
86601 , 6383576
86701 , 6300941
86801 , 6258897
86901 , 6306120
87001 , 6291901
87101 , 6364542
87201 , 6391280
87301 , 6343359
87401 , 6470448
87501 , 6408032
87601 , 6393175
87701 , 6340601
87801 , 6403792
87901 , 6404920
88001 , 6573725
88101 , 6406445
88201 , 6300555
88301 , 6351707
88401 , 6374411
88501 , 6416630
88601 , 6485167
88701 , 6457428
88801 , 6419780
88901 , 6503395
89001 , 6514721
89101 , 6504630
89201 , 6461433
89301 , 6478406
89401 , 6438192
89501 , 6540753
89601 , 6568979
89701 , 6642668
89801 , 6573577
89901 , 6458438
90001 , 6556905
90101 , 6572649
90201 , 6646894
90301 , 6599071
90401 , 6576551
90501 , 6703977
90601 , 6644894
90701 , 6674663
90801 , 6542689
90901 , 6624818
91001 , 6710008
91101 , 6691882
91201 , 6553666
91301 , 6683048
91401 , 6689954
91501 , 6634247
91601 , 6827767
91701 , 6728451
91801 , 6779016
91901 , 6842778
92001 , 6779950
92101 , 6696612
92201 , 6750327
92301 , 6839702
92401 , 6849144
92501 , 6738841
92601 , 6760798
92701 , 6919807
92801 , 6763168
92901 , 6803362
93001 , 6707623
93101 , 6880676
93201 , 6906151
93301 , 6779379
93401 , 6828827
93501 , 6823630
93601 , 6803655
93701 , 6974508
93801 , 6845831
93901 , 6906279
94001 , 6910816
94101 , 6950444
94201 , 6865459
94301 , 6923904
94401 , 6875791
94501 , 6923315
94601 , 6915242
94701 , 6958009
94801 , 6906635
94901 , 7047979
95001 , 6881065
95101 , 6833586
95201 , 6912488
95301 , 6910105
95401 , 6929196
95501 , 7027548
95601 , 7039857
95701 , 7121460
95801 , 7116833
95901 , 7006767
96001 , 7084777
96101 , 7125791
96201 , 7114536
96301 , 7146680
96401 , 7068217
96501 , 7105848
96601 , 7128356
96701 , 7153560
96801 , 7017375
96901 , 7099392
97001 , 7071853
97101 , 7145819
97201 , 7222299
97301 , 7142741
97401 , 7225040
97501 , 7205465
97601 , 7181434
97701 , 7108727
97801 , 7223379
97901 , 7228698
98001 , 7240996
98101 , 7291384
98201 , 7186738
98301 , 7272734
98401 , 7164569
98501 , 7129098
98601 , 7261872
98701 , 7180451
98801 , 7237675
98901 , 7253925
99001 , 7318903
99101 , 7333240
99201 , 7220826
99301 , 7252384
99401 , 7284280
99501 , 7376428
99601 , 7396942
99701 , 7313729
99801 , 7404705
99901 , 7389978
100001 , 7475022
100101 , 7407952
100201 , 7403161
100301 , 7373933
100401 , 7421288
100501 , 7351830
100601 , 7409972
100701 , 7445304
100801 , 7356907
100901 , 7519563
101001 , 7560946
101101 , 7399033
101201 , 7466164
101301 , 7379514
101401 , 7608048
101501 , 7455534
101601 , 7564268
101701 , 7571313
101801 , 7448726
101901 , 7413556
102001 , 7462968
102101 , 7529649
102201 , 7580392
102301 , 7583158
102401 , 7627893
102501 , 7626940
102601 , 7585551
102701 , 7606324
102801 , 7533381
102901 , 7664064
103001 , 7666003
103101 , 7493818
103201 , 7655861
103301 , 7627425
103401 , 7600135
103501 , 7698866
103601 , 7672681
103701 , 7681319
103801 , 7692976
103901 , 7695872
104001 , 7768624
104101 , 7705963
104201 , 7670154
104301 , 7660900
104401 , 7617831
104501 , 7717022
104601 , 7795691
104701 , 7790279
104801 , 7694956
104901 , 7883421
105001 , 7696623
105101 , 7733773
105201 , 7709622
105301 , 7838176
105401 , 7799792
105501 , 7845587
105601 , 7795819
105701 , 7793529
105801 , 7828126
105901 , 7768373
106001 , 7877489
106101 , 7789647
106201 , 7955051
106301 , 7789925
106401 , 7920485
106501 , 7972859
106601 , 7955897
106701 , 7939247
106801 , 7910475
106901 , 7869427
107001 , 8003967
107101 , 8005133
107201 , 7963868
107301 , 7800209
107401 , 7978406
107501 , 7999736
107601 , 8013738
107701 , 8022642
107801 , 7954361
107901 , 8010917
108001 , 8131624
108101 , 8072930
108201 , 8016861
108301 , 8006537
108401 , 7999036
108501 , 8040735
108601 , 8115701
108701 , 8077098
108801 , 8089142
108901 , 8066290
109001 , 8023376
109101 , 8192428
109201 , 8118172
109301 , 8030306
109401 , 8030235
109501 , 8069793
109601 , 8164322
109701 , 8204571
109801 , 8109859
109901 , 8175683
110001 , 8115763
110101 , 8249098
110201 , 8173478
110301 , 8257248
110401 , 8134187
110501 , 8125110
110601 , 8146749
110701 , 8220845
110801 , 8315162
110901 , 8290775
111001 , 8224870
111101 , 8272887
111201 , 8249206
111301 , 8435513
111401 , 8375244
111501 , 8277890
111601 , 8328032
111701 , 8276152
111801 , 8283953
111901 , 8259360
112001 , 8257325
112101 , 8346901
112201 , 8263857
112301 , 8329165
112401 , 8298831
112501 , 8423999
112601 , 8350282
112701 , 8346754
112801 , 8450835
112901 , 8382628
113001 , 8435201
113101 , 8383651
113201 , 8518657
113301 , 8338291
113401 , 8383687
113501 , 8359754
113601 , 8581944
113701 , 8460070
113801 , 8459416
113901 , 8479305
114001 , 8337105
114101 , 8618720
114201 , 8553278
114301 , 8371337
114401 , 8554961
114501 , 8542891
114601 , 8509550
114701 , 8552322
114801 , 8563184
114901 , 8488115
115001 , 8449528
115101 , 8538827
115201 , 8648394
115301 , 8501947
115401 , 8605172
115501 , 8612485
115601 , 8710270
115701 , 8701845
115801 , 8740104
115901 , 8807799
116001 , 8750745
116101 , 8790440
116201 , 8640952
116301 , 8631586
116401 , 8774327
116501 , 8614957
116601 , 8781860
116701 , 8683685
116801 , 8704757
116901 , 8831395
117001 , 8781725
117101 , 8797063
117201 , 8639096
117301 , 8771383
117401 , 8794801
117501 , 8817694
117601 , 8661146
117701 , 8842026
117801 , 8769281
117901 , 8720778
118001 , 8752997
118101 , 8806989
118201 , 8871382
118301 , 8853609
118401 , 8947699
118501 , 9008921
118601 , 8965217
118701 , 8886046
118801 , 8765574
118901 , 8914367
119001 , 8840257
119101 , 8982124
119201 , 8994214
119301 , 9020696
119401 , 8897953
119501 , 8929033
119601 , 8908948
119701 , 8831927
119801 , 8954552
119901 , 8956349
120001 , 8888981
120101 , 8913990
120201 , 8886235
120301 , 9111257
120401 , 9011870
120501 , 8962230
120601 , 9046331
120701 , 8996746
120801 , 9087286
120901 , 9134574
121001 , 9124011
121101 , 8967588
121201 , 8973525
121301 , 8967848
121401 , 9068808
121501 , 9189601
121601 , 9174218
121701 , 9117840
121801 , 9079218
121901 , 8975424
122001 , 9066307
122101 , 9058272
122201 , 9178951
122301 , 9145884
122401 , 9213612
122501 , 9263945
122601 , 9296053
122701 , 9170717
122801 , 9164756
122901 , 9187741
123001 , 9265197
123101 , 9096739
123201 , 9311739
123301 , 9275452
123401 , 9221464
123501 , 9326447
123601 , 9312356
123701 , 9385243
123801 , 9307931
123901 , 9251239
124001 , 9278694
124101 , 9248798
124201 , 9371959
124301 , 9236778
124401 , 9271001
124501 , 9428051
124601 , 9511075
124701 , 9362265
124801 , 9391082
124901 , 9381816
125001 , 9343876
125101 , 9263022
125201 , 9406883
125301 , 9219015
125401 , 9366530
125501 , 9362154
125601 , 9413576
125701 , 9661048
125801 , 9461746
125901 , 9383699
126001 , 9514070
126101 , 9396420
126201 , 9487591
126301 , 9454819
126401 , 9310336
126501 , 9468411
126601 , 9519292
126701 , 9584543
126801 , 9473325
126901 , 9683631
127001 , 9599717
127101 , 9538691
127201 , 9458127
127301 , 9599297
127401 , 9503736
127501 , 9578617
127601 , 9577214
127701 , 9571633
127801 , 9602127
127901 , 9613045
128001 , 9589131
128101 , 9585272
128201 , 9629348
128301 , 9659238
128401 , 9495204
128501 , 9646862
128601 , 9699316
128701 , 9698897
128801 , 9709943
128901 , 9682876
129001 , 9622865
129101 , 9722596
129201 , 9768806
129301 , 9794269
129401 , 9666897
129501 , 9806275
129601 , 9834712
129701 , 9818055
129801 , 9620781
129901 , 9719170
130001 , 9783222
130101 , 9824635
130201 , 9921119
130301 , 9897734
130401 , 9846085
130501 , 9910795
130601 , 9850882
130701 , 9916886
130801 , 9853023
130901 , 10043015
131001 , 9886799
131101 , 9734677
131201 , 9916522
131301 , 9787830
131401 , 9876179
131501 , 9919743
131601 , 9886798
131701 , 9958218
131801 , 10035512
131901 , 9906480
132001 , 9958734
132101 , 9913122
132201 , 10114498
132301 , 9906051
132401 , 9899174
132501 , 9956789
132601 , 10282585
132701 , 10192950
132801 , 10022351
132901 , 10076934
133001 , 10032823
133101 , 9987587
133201 , 9978298
133301 , 9883062
133401 , 10128957
133501 , 10056589
133601 , 10152721
133701 , 9947301
133801 , 10042382
133901 , 10064635
134001 , 10073076
134101 , 10273410
134201 , 10101144
134301 , 10150552
134401 , 10143984
134501 , 10227503
134601 , 10080426
134701 , 10145032
134801 , 10094155
134901 , 10079531
135001 , 10092500
135101 , 10299778
135201 , 10197410
135301 , 10222984
135401 , 10186730
135501 , 10177537
135601 , 10365854
135701 , 10122775
135801 , 10312812
135901 , 10240316
136001 , 10212992
136101 , 10190630
136201 , 10232968
136301 , 10162958
136401 , 10324915
136501 , 10407517
136601 , 10191980
136701 , 10316993
136801 , 10385150
136901 , 10552274
137001 , 10381357
137101 , 10432258
137201 , 10251698
137301 , 10462218
137401 , 10468994
137501 , 10459769
137601 , 10312023
137701 , 10526798
137801 , 10357951
137901 , 10638546
138001 , 10500463
138101 , 10409114
138201 , 10522711
138301 , 10472463
138401 , 10511066
138501 , 10413969
138601 , 10517439
138701 , 10394421
138801 , 10454261
138901 , 10503515
139001 , 10516253
139101 , 10540833
139201 , 10642065
139301 , 10554751
139401 , 10385990
139501 , 10502952
139601 , 10557742
139701 , 10499091
139801 , 10770988
139901 , 10453262
140001 , 10577630
140101 , 10690117
140201 , 10461548
140301 , 10655977
140401 , 10601152
140501 , 10680012
140601 , 10753715
140701 , 10649054
140801 , 10743922
140901 , 10701917
141001 , 10633661
141101 , 10697411
141201 , 10700935
141301 , 10765480
141401 , 10850430
141501 , 10805077
141601 , 10866566
141701 , 10745002
141801 , 10676474
141901 , 10715038
142001 , 10779194
142101 , 10659938
142201 , 10986149
142301 , 10654213
142401 , 10809055
142501 , 10872851
142601 , 10863353
142701 , 10836178
142801 , 10703223
142901 , 10871026
143001 , 10724740
143101 , 10740514
143201 , 11132535
143301 , 10755680
143401 , 10903459
143501 , 10924003
143601 , 10842005
143701 , 10800497
143801 , 10954961
143901 , 11049627
144001 , 10893804
144101 , 10973991
144201 , 10955117
144301 , 10982480
144401 , 10912183
144501 , 11042893
144601 , 10898886
144701 , 11078106
144801 , 11097446
144901 , 11095712
145001 , 10957375
145101 , 11219934
145201 , 11147145
145301 , 11040137
145401 , 11011287
145501 , 11041524
145601 , 11051876
145701 , 11033939
145801 , 10998180
145901 , 11192986
146001 , 11166531
146101 , 11239354
146201 , 11005023
146301 , 11209273
146401 , 11096686
146501 , 11133481
146601 , 11207519
146701 , 11207500
146801 , 11039509
146901 , 11094788
147001 , 11143618
147101 , 11152927
147201 , 11393792
147301 , 11394521
147401 , 11158770
147501 , 11314123
147601 , 11374933
147701 , 11274606
147801 , 11225513
147901 , 11219791
148001 , 11154888
148101 , 11406316
148201 , 11253785
148301 , 11306779
148401 , 11392799
148501 , 11239624
148601 , 11354446
148701 , 11357546
148801 , 11348752
148901 , 11298148
149001 , 11243843
149101 , 11412365
149201 , 11201283
149301 , 11441926
149401 , 11299505
149501 , 11409349
149601 , 11488827
149701 , 11358698
149801 , 11410237
149901 , 11314803
150001 , 11555416
150101 , 11454529
150201 , 11330446
150301 , 11569151
150401 , 11525425
150501 , 11451444
150601 , 11383602
150701 , 11499336
150801 , 11449010
150901 , 11436170
151001 , 11643687
151101 , 11378581
151201 , 11493837
151301 , 11497901
151401 , 11605925
151501 , 11572932
151601 , 11768980
151701 , 11538310
151801 , 11607502
151901 , 11621389
152001 , 11654405
152101 , 11471520
152201 , 11628855
152301 , 11573385
152401 , 11631435
152501 , 11664804
152601 , 11550105
152701 , 11365360
152801 , 11585730
152901 , 11760240
153001 , 11628360
153101 , 11681634
153201 , 11754815
153301 , 11631690
153401 , 11753320
153501 , 11693407
153601 , 11625938
153701 , 11657097
153801 , 11663362
153901 , 11659563
154001 , 11864451
154101 , 11831755
154201 , 11797231
154301 , 11808306
154401 , 11630348
154501 , 11737113
154601 , 11859968
154701 , 11921766
154801 , 11648060
154901 , 11781658
155001 , 11858063
155101 , 11695828
155201 , 11799705
155301 , 11826827
155401 , 11883739
155501 , 11795036
155601 , 11877418
155701 , 11970706
155801 , 11955274
155901 , 11957236
156001 , 11822262
156101 , 11836168
156201 , 11795282
156301 , 11993691
156401 , 11879285
156501 , 12045689
156601 , 11853788
156701 , 12012391
156801 , 11923721
156901 , 11985259
157001 , 11989250
157101 , 11950985
157201 , 11973426
157301 , 12051358
157401 , 12011812
157501 , 12140310
157601 , 12214662
157701 , 12012354
157801 , 12135675
157901 , 12209270
158001 , 12079520
158101 , 12098762
158201 , 12153464
158301 , 12171786
158401 , 12196293
158501 , 12043229
158601 , 12195309
158701 , 12133516
158801 , 12217002
158901 , 12252102
159001 , 12117395
159101 , 12051281
159201 , 12214102
159301 , 12308167
159401 , 12237811
159501 , 12296870
159601 , 12238037
159701 , 12206968
159801 , 12152462
159901 , 12201196
160001 , 12202237
160101 , 12180282
160201 , 12345028
160301 , 12317839
160401 , 12409285
160501 , 12193546
160601 , 12322741
160701 , 12354463
160801 , 12472213
160901 , 12351205
161001 , 12255335
161101 , 12407455
161201 , 12311879
161301 , 12325180
161401 , 12419243
161501 , 12461460
161601 , 12428050
161701 , 12306195
161801 , 12420298
161901 , 12545970
162001 , 12502992
162101 , 12478923
162201 , 12408448
162301 , 12565845
162401 , 12531119
162501 , 12355209
162601 , 12257246
162701 , 12707045
162801 , 12204351
162901 , 12544335
163001 , 12344990
163101 , 12494373
163201 , 12565944
163301 , 12498705
163401 , 12377843
163501 , 12535405
163601 , 12569247
163701 , 12557774
163801 , 12583437
163901 , 12497206
164001 , 12619310
164101 , 12506751
164201 , 12639975
164301 , 12508332
164401 , 12640827
164501 , 12619884
164601 , 12600518
164701 , 12599262
164801 , 12495850
164901 , 12636244
165001 , 12514886
165101 , 12757617
165201 , 12683577
165301 , 12525627
165401 , 12842476
165501 , 12815968
165601 , 12671291
165701 , 12614727
165801 , 12676168
165901 , 12715136
166001 , 12797295
166101 , 12811328
166201 , 12739105
166301 , 12683654
166401 , 12845473
166501 , 12810498
166601 , 12947586
166701 , 12660420
166801 , 12752428
166901 , 12701412
167001 , 12843749
167101 , 12879257
167201 , 12902661
167301 , 12707516
167401 , 12905513
167501 , 12905206
167601 , 12739580
167701 , 12923685
167801 , 12810976
167901 , 12976944
168001 , 12819280
168101 , 12878311
168201 , 12847537
168301 , 13085379
168401 , 12862189
168501 , 12778193
168601 , 13116631
168701 , 12672497
168801 , 12776625
168901 , 13353420
169001 , 12934552
169101 , 13085178
169201 , 13054973
169301 , 13021374
169401 , 13159645
169501 , 13040533
169601 , 13001089
169701 , 12956216
169801 , 12941324
169901 , 13085790
170001 , 12951666
170101 , 13051748
170201 , 13220743
170301 , 13238633
170401 , 13110069
170501 , 12862513
170601 , 13042967
170701 , 13215623
170801 , 13107471
170901 , 13042712
171001 , 13196771
171101 , 13189121
171201 , 13019362
171301 , 13257212
171401 , 13250118
171501 , 13110174
171601 , 13269068
171701 , 13261980
171801 , 13138734
171901 , 13304253
172001 , 13279137
172101 , 13257343
172201 , 13119948
172301 , 13295504
172401 , 13190091
172501 , 13285179
172601 , 13258280
172701 , 13272337
172801 , 13334481
172901 , 13373227
173001 , 13371030
173101 , 13523979
173201 , 13180822
173301 , 13574756
173401 , 13461313
173501 , 13336952
173601 , 13207349
173701 , 13406841
173801 , 13468337
173901 , 13260917
174001 , 13396892
174101 , 13336900
174201 , 13463937
174301 , 13413447
174401 , 13391509
174501 , 13395869
174601 , 13280970
174701 , 13567618
174801 , 13544964
174901 , 13472904
175001 , 13328428
175101 , 13338305
175201 , 13525469
175301 , 13562062
175401 , 13628087
175501 , 13482214
175601 , 13490473
175701 , 13656471
175801 , 13432311
175901 , 13287696
176001 , 13661611
176101 , 13732109
176201 , 13550739
176301 , 13643420
176401 , 13642890
176501 , 13706218
176601 , 13638226
176701 , 13535752
176801 , 13663244
176901 , 13478258
177001 , 13661427
177101 , 13630798
177201 , 13499000
177301 , 13805471
177401 , 13552368
177501 , 13604727
177601 , 13540540
177701 , 13675173
177801 , 13500178
177901 , 13842950
178001 , 13585616
178101 , 13709209
178201 , 13670007
178301 , 13952502
178401 , 13672975
178501 , 13724868
178601 , 13744820
178701 , 14050772
178801 , 13887214
178901 , 13970789
179001 , 13720811
179101 , 13823955
179201 , 13767832
179301 , 14249803
179401 , 13665091
179501 , 13825297
179601 , 13693413
179701 , 14076144
179801 , 14004643
179901 , 13850422
180001 , 13958304
180101 , 13852875
180201 , 13619365
180301 , 13895047
180401 , 13926495
180501 , 13932868
180601 , 13967921
180701 , 14022386
180801 , 13847871
180901 , 13862289
181001 , 14240713
181101 , 13998417
181201 , 13999417
181301 , 14114231
181401 , 13799085
181501 , 14085636
181601 , 14044317
181701 , 13918955
181801 , 13983866
181901 , 14110257
182001 , 14034026
182101 , 13993247
182201 , 14195769
182301 , 14147989
182401 , 14080151
182501 , 14235699
182601 , 14161879
182701 , 14040217
182801 , 14381129
182901 , 14101954
183001 , 14280854
183101 , 13964709
183201 , 14077684
183301 , 14099172
183401 , 14094129
183501 , 14287011
183601 , 14251913
183701 , 14231470
183801 , 13991194
183901 , 14247969
184001 , 13894159
184101 , 14208514
184201 , 14228042
184301 , 14222526
184401 , 14323295
184501 , 14219502
184601 , 14299796
184701 , 14237814
184801 , 14206987
184901 , 14054991
185001 , 14253491
185101 , 14303281
185201 , 14232114
185301 , 14321738
185401 , 14210571
185501 , 14369103
185601 , 14329287
185701 , 14370728
185801 , 14430444
185901 , 14397290
186001 , 14365825
186101 , 14328854
186201 , 14461196
186301 , 14333952
186401 , 14358203
186501 , 14452993
186601 , 14416242
186701 , 14647524
186801 , 14281323
186901 , 14436091
187001 , 14547648
187101 , 14523126
187201 , 14551255
187301 , 14406823
187401 , 14557918
187501 , 14482209
187601 , 14394131
187701 , 14614616
187801 , 14553700
187901 , 14632839
188001 , 14478666
188101 , 14471949
188201 , 14689228
188301 , 14705499
188401 , 14806598
188501 , 14616983
188601 , 14460192
188701 , 14819592
188801 , 14606460
188901 , 14725869
189001 , 14721181
189101 , 14652503
189201 , 14798263
189301 , 14710994
189401 , 14693379
189501 , 14635461
189601 , 14619051
189701 , 14721344
189801 , 14673041
189901 , 14670400
190001 , 14662100
190101 , 14535687
190201 , 14644917
190301 , 14712083
190401 , 14835522
190501 , 14668212
190601 , 14757936
190701 , 15018764
190801 , 14716474
190901 , 14851944
191001 , 14700383
191101 , 14723467
191201 , 14844940
191301 , 14763064
191401 , 14826790
191501 , 14876828
191601 , 14842082
191701 , 15000043
191801 , 14728536
191901 , 14717278
192001 , 14737348
192101 , 14947348
192201 , 14825300
192301 , 14945223
192401 , 14823659
192501 , 14889342
192601 , 15017636
192701 , 14989095
192801 , 15299287
192901 , 14949990
193001 , 14876287
193101 , 14876006
193201 , 14987426
193301 , 14887762
193401 , 15028962
193501 , 14955344
193601 , 15208040
193701 , 14965478
193801 , 15137152
193901 , 15060105
194001 , 15050387
194101 , 15119427
194201 , 15162612
194301 , 15055013
194401 , 15075953
194501 , 15102043
194601 , 14852709
194701 , 15022916
194801 , 15192082
194901 , 15161235
195001 , 15157099
195101 , 14995835
195201 , 15401226
195301 , 15385575
195401 , 15165477
195501 , 15180506
195601 , 15111526
195701 , 15094600
195801 , 15122110
195901 , 15097991
196001 , 15233896
196101 , 15539296
196201 , 15221335
196301 , 15087306
196401 , 15281026
196501 , 15344928
196601 , 15285172
196701 , 15532562
196801 , 15345833
196901 , 15302204
197001 , 15344543
197101 , 15524559
197201 , 15384703
197301 , 15385732
197401 , 15232665
197501 , 15265128
197601 , 15228993
197701 , 15360268
197801 , 15237798
197901 , 15512154
198001 , 15611547
198101 , 15352204
198201 , 15327726
198301 , 15475959
198401 , 15326215
198501 , 15318001
198601 , 15336853
198701 , 15357183
198801 , 15452681
198901 , 15250767
199001 , 15427316
199101 , 15547954
199201 , 15626287
199301 , 15450138
199401 , 15630416
199501 , 15312996
199601 , 15493767
199701 , 15488484
199801 , 15561597
199901 , 15566319
